-2.500000,-1.000000,7208.743839
-2.500000,-0.900000,5014.301404
-2.500000,-0.800000,3537.047064
-2.500000,-0.700000,2530.171559
-2.500000,-0.600000,1835.423767
-2.500000,-0.500000,1350.199854
-2.500000,-0.400000,1007.241620
-2.500000,-0.300000,761.980410
-2.500000,-0.200000,584.563967
-2.500000,-0.100000,454.781551
-2.500000,-0.000000,358.802519
-2.500000,0.100000,287.062662
-2.500000,0.200000,232.884804
-2.500000,0.300000,191.571100
-2.500000,0.400000,159.794566
-2.500000,0.500000,135.177397
-2.500000,0.600000,115.993001
-2.500000,0.700000,100.963936
-2.500000,0.800000,89.136427
-2.500000,0.900000,79.803021
-2.500000,1.000000,72.445268
-2.500000,1.100000,66.684402
-2.500000,1.200000,62.241819
-2.500000,1.300000,58.911997
-2.500000,1.400000,56.545700
-2.500000,1.500000,55.039441
-2.500000,1.600000,54.328567
-2.500000,1.700000,54.382924
-2.500000,1.800000,55.204816
-2.500000,1.900000,56.829196
-2.500000,2.000000,59.326151
-2.500000,2.100000,62.805974
-2.500000,2.200000,67.427315
-2.500000,2.300000,73.409268
-2.500000,2.400000,81.048699
-2.500000,2.500000,90.744712
-2.500000,2.600000,103.033090
-2.500000,2.700000,118.634840
-2.500000,2.800000,138.524915
-2.500000,2.900000,164.030142
-2.400000,-1.000000,5218.941937
-2.400000,-0.900000,3652.069228
-2.400000,-0.800000,2591.640855
-2.400000,-0.700000,1865.040987
-2.400000,-0.600000,1361.057435
-2.400000,-0.500000,1007.241701
-2.400000,-0.400000,755.881784
-2.400000,-0.300000,575.219457
-2.400000,-0.200000,443.891458
-2.400000,-0.100000,347.372193
-2.400000,-0.000000,275.674410
-2.400000,0.100000,221.853650
-2.400000,0.200000,181.034787
-2.400000,0.300000,149.776655
-2.400000,0.400000,125.644708
-2.400000,0.500000,106.903023
-2.400000,0.600000,92.284339
-2.400000,0.700000,80.834338
-2.400000,0.800000,71.826526
-2.400000,0.900000,64.719537
-2.400000,1.000000,59.122499
-2.400000,1.100000,54.756313
-2.400000,1.200000,51.418833
-2.400000,1.300000,48.961756
-2.400000,1.400000,47.278147
-2.400000,1.500000,46.295737
-2.400000,1.600000,45.972811
-2.400000,1.700000,46.295752
-2.400000,1.800000,47.278243
-2.400000,1.900000,48.962280
-2.400000,2.000000,51.421183
-2.400000,2.100000,54.764940
-2.400000,2.200000,59.148439
-2.400000,2.300000,64.783452
-2.400000,2.400000,71.955668
-2.400000,2.500000,81.048699
-2.400000,2.600000,92.577877
-2.400000,2.700000,107.237950
-2.400000,2.800000,125.970808
-2.400000,2.900000,150.062249
-2.300000,-1.000000,3831.646842
-2.300000,-0.900000,2697.414840
-2.300000,-0.800000,1925.701875
-2.300000,-0.700000,1394.142094
-2.300000,-0.600000,1023.518932
-2.300000,-0.500000,761.980791
-2.300000,-0.400000,575.219850
-2.300000,-0.300000,440.298465
-2.300000,-0.200000,341.725435
-2.300000,-0.100000,268.930190
-2.300000,-0.000000,214.615765
-2.300000,0.100000,173.679044
-2.300000,0.200000,142.511303
-2.300000,0.300000,118.553059
-2.300000,0.400000,99.998688
-2.300000,0.500000,85.569595
-2.300000,0.600000,74.326663
-2.300000,0.700000,65.541851
-2.300000,0.800000,58.643194
-2.300000,0.900000,53.202589
-2.300000,1.000000,48.920418
-2.300000,1.100000,45.592604
-2.300000,1.200000,43.075847
-2.300000,1.300000,41.265623
-2.300000,1.400000,40.086770
-2.300000,1.500000,39.490085
-2.300000,1.600000,39.450634
-2.300000,1.700000,39.966843
-2.300000,1.800000,41.060648
-2.300000,1.900000,42.779123
-2.300000,2.000000,45.197881
-2.300000,2.100000,48.426646
-2.300000,2.200000,52.617576
-2.300000,2.300000,57.977222
-2.300000,2.400000,64.783452
-2.300000,2.500000,73.409268
-2.300000,2.600000,84.356360
-2.300000,2.700000,98.302573
-2.300000,2.800000,116.169485
-2.300000,2.900000,139.219274
-2.200000,-1.000000,2852.782212
-2.200000,-0.900000,2020.396796
-2.200000,-0.800000,1451.054279
-2.200000,-0.700000,1056.833316
-2.200000,-0.600000,780.542289
-2.200000,-0.500000,584.565424
-2.200000,-0.400000,443.893401
-2.200000,-0.300000,341.727471
-2.200000,-0.200000,266.678340
-2.200000,-0.100000,210.955248
-2.200000,-0.000000,169.171604
-2.200000,0.100000,137.547580
-2.200000,0.200000,113.390577
-2.200000,0.300000,94.776567
-2.200000,0.400000,80.349066
-2.200000,0.500000,69.153026
-2.200000,0.600000,60.476514
-2.200000,0.700000,53.740599
-2.200000,0.800000,48.470470
-2.200000,0.900000,44.312339
-2.200000,1.000000,41.034150
-2.200000,1.100000,38.492749
-2.200000,1.200000,36.594004
-2.200000,1.300000,35.269264
-2.200000,1.400000,34.468402
-2.200000,1.500000,34.159786
-2.200000,1.600000,34.331046
-2.200000,1.700000,34.989576
-2.200000,1.800000,36.163496
-2.200000,1.900000,37.903756
-2.200000,2.000000,40.287861
-2.200000,2.100000,43.425647
-2.200000,2.200000,47.467734
-2.200000,2.300000,52.617576
-2.200000,2.400000,59.148439
-2.200000,2.500000,67.427315
-2.200000,2.600000,77.948644
-2.200000,2.700000,91.382153
-2.200000,2.800000,108.641145
-2.200000,2.900000,130.980728
-2.100000,-1.000000,2153.931517
-2.100000,-0.900000,1534.637383
-2.100000,-0.800000,1108.813878
-2.100000,-0.700000,812.432162
-2.100000,-0.600000,603.642827
-2.100000,-0.500000,454.786535
-2.100000,-0.400000,347.379453
-2.100000,-0.300000,268.939868
-2.100000,-0.200000,210.965275
-2.100000,-0.100000,167.626619
-2.100000,-0.000000,134.901956
-2.100000,0.100000,109.982971
-2.100000,0.200000,90.874685
-2.100000,0.300000,76.149332
-2.100000,0.400000,64.796654
-2.100000,0.500000,56.093093
-2.100000,0.600000,49.465387
-2.100000,0.700000,44.404439
-2.100000,0.800000,40.472878
-2.100000,0.900000,37.356472
-2.100000,1.000000,34.876622
-2.100000,1.100000,32.947628
-2.100000,1.200000,31.523336
-2.100000,1.300000,30.568667
-2.100000,1.400000,30.055212
-2.100000,1.500000,29.965539
-2.100000,1.600000,30.297037
-2.100000,1.700000,31.064018
-2.100000,1.800000,32.299450
-2.100000,1.900000,34.057498
-2.100000,2.000000,36.417528
-2.100000,2.100000,39.490108
-2.100000,2.200000,43.425647
-2.100000,2.300000,48.426646
-2.100000,2.400000,54.764940
-2.100000,2.500000,62.805974
-2.100000,2.600000,73.043138
-2.100000,2.700000,86.146575
-2.100000,2.800000,103.033090
-2.100000,2.900000,124.967062
-2.000000,-1.000000,1649.207444
-2.000000,-0.900000,1182.102179
-2.000000,-0.800000,859.238938
-2.000000,-0.700000,633.357352
-2.000000,-0.600000,473.421087
-2.000000,-0.500000,358.817213
-2.000000,-0.400000,275.696644
-2.000000,-0.300000,214.647801
-2.000000,-0.200000,169.213468
-2.000000,-0.100000,134.942764
-2.000000,-0.000000,108.772286
-2.000000,0.100000,88.601216
-2.000000,0.200000,72.990670
-2.000000,0.300000,60.957908
-2.000000,0.400000,51.825442
-2.000000,0.500000,45.071933
-2.000000,0.600000,40.192103
-2.000000,0.700000,36.649038
-2.000000,0.800000,33.954972
-2.000000,0.900000,31.784392
-2.000000,1.000000,29.998917
-2.000000,1.100000,28.577338
-2.000000,1.200000,27.531723
-2.000000,1.300000,26.866444
-2.000000,1.400000,26.576182
-2.000000,1.500000,26.656799
-2.000000,1.600000,27.113976
-2.000000,1.700000,27.967695
-2.000000,1.800000,29.254991
-2.000000,1.900000,31.032970
-2.000000,2.000000,33.383114
-2.000000,2.100000,36.417528
-2.000000,2.200000,40.287861
-2.000000,2.300000,45.197881
-2.000000,2.400000,51.421183
-2.000000,2.500000,59.326151
-2.000000,2.600000,69.411336
-2.000000,2.700000,82.355908
-2.000000,2.800000,99.092148
-2.000000,2.900000,120.910451
-1.900000,-1.000000,1280.556660
-1.900000,-0.900000,923.388312
-1.900000,-0.800000,675.226381
-1.900000,-0.700000,500.715634
-1.900000,-0.600000,376.528868
-1.900000,-0.500000,287.098725
-1.900000,-0.400000,221.909186
-1.900000,-0.300000,173.761611
-1.900000,-0.200000,137.663692
-1.900000,-0.100000,110.126310
-1.900000,-0.000000,88.726755
-1.900000,0.100000,71.836913
-1.900000,0.200000,58.443435
-1.900000,0.300000,47.998426
-1.900000,0.400000,40.232990
-1.900000,0.500000,34.903714
-1.900000,0.600000,31.567684
-1.900000,0.700000,29.560111
-1.900000,0.800000,28.206285
-1.900000,0.900000,27.067203
-1.900000,1.000000,26.005787
-1.900000,1.100000,25.073107
-1.900000,1.200000,24.363076
-1.900000,1.300000,23.939105
-1.900000,1.400000,23.829501
-1.900000,1.500000,24.047340
-1.900000,1.600000,24.607358
-1.900000,1.700000,25.534984
-1.900000,1.800000,26.871066
-1.900000,1.900000,28.675703
-1.900000,2.000000,31.032970
-1.900000,2.100000,34.057498
-1.900000,2.200000,37.903756
-1.900000,2.300000,42.779123
-1.900000,2.400000,48.962280
-1.900000,2.500000,56.829196
-1.900000,2.600000,66.890048
-1.900000,2.700000,79.842041
-1.900000,2.800000,96.645554
-1.900000,2.900000,118.634840
-1.800000,-1.000000,1008.329395
-1.800000,-0.900000,731.465455
-1.800000,-0.800000,538.102335
-1.800000,-0.700000,401.433365
-1.800000,-0.600000,303.689526
-1.800000,-0.500000,232.957291
-1.800000,-0.400000,181.147096
-1.800000,-0.300000,142.680267
-1.800000,-0.200000,113.634902
-1.800000,-0.100000,91.199615
-1.800000,-0.000000,73.351662
-1.800000,0.100000,58.711181
-1.800000,0.200000,46.516467
-1.800000,0.300000,36.604205
-1.800000,0.400000,29.221550
-1.800000,0.500000,24.596758
-1.800000,0.600000,22.484659
-1.800000,0.700000,22.069280
-1.800000,0.800000,22.331406
-1.800000,0.900000,22.536233
-1.800000,1.000000,22.433096
-1.800000,1.100000,22.116936
-1.800000,1.200000,21.787944
-1.800000,1.300000,21.605656
-1.800000,1.400000,21.660156
-1.800000,1.500000,21.997110
-1.800000,1.600000,22.646848
-1.800000,1.700000,23.642471
-1.800000,1.800000,25.029354
-1.800000,1.900000,26.871066
-1.800000,2.000000,29.254991
-1.800000,2.100000,32.299450
-1.800000,2.200000,36.163496
-1.800000,2.300000,41.060648
-1.800000,2.400000,47.278243
-1.800000,2.500000,55.204816
-1.800000,2.600000,65.369135
-1.800000,2.700000,78.496199
-1.800000,2.800000,95.588278
-1.800000,2.900000,118.043146
-1.700000,-1.000000,805.167383
-1.700000,-0.900000,587.602120
-1.700000,-0.800000,434.870845
-1.700000,-0.700000,326.373715
-1.700000,-0.600000,248.392998
-1.700000,-0.500000,191.689438
-1.700000,-0.400000,149.959417
-1.700000,-0.300000,118.827817
-1.700000,-0.200000,95.176636
-1.700000,-0.100000,76.694237
-1.700000,-0.000000,61.603014
-1.700000,0.100000,48.584325
-1.700000,0.200000,36.910414
-1.700000,0.300000,26.643066
-1.700000,0.400000,18.565326
-1.700000,0.500000,13.603998
-1.700000,0.600000,12.013014
-1.700000,0.700000,12.999387
-1.700000,0.800000,15.143948
-1.700000,0.900000,17.197102
-1.700000,1.000000,18.562637
-1.700000,1.100000,19.242735
-1.700000,1.200000,19.517222
-1.700000,1.300000,19.679561
-1.700000,1.400000,19.933332
-1.700000,1.500000,20.395626
-1.700000,1.600000,21.133837
-1.700000,1.700000,22.198257
-1.700000,1.800000,23.642445
-1.700000,1.900000,25.534977
-1.700000,2.000000,27.967694
-1.700000,2.100000,31.064018
-1.700000,2.200000,34.989576
-1.700000,2.300000,39.966844
-1.700000,2.400000,46.295752
-1.700000,2.500000,54.382924
-1.700000,2.600000,64.783452
-1.700000,2.700000,78.261063
-1.700000,2.800000,95.875474
-1.700000,2.900000,119.110329
-1.600000,-1.000000,652.003664
-1.600000,-0.900000,478.688476
-1.600000,-0.800000,356.398276
-1.600000,-0.700000,269.088912
-1.600000,-0.600000,206.026958
-1.600000,-0.500000,159.950052
-1.600000,-0.400000,125.881062
-1.600000,-0.300000,100.348532
-1.600000,-0.200000,80.852991
-1.600000,-0.100000,65.478200
-1.600000,-0.000000,52.621291
-1.600000,0.100000,40.919194
-1.600000,0.200000,29.482755
-1.600000,0.300000,18.345468
-1.600000,0.400000,8.658192
-1.600000,0.500000,2.123165
-1.600000,0.600000,-0.169644
-1.600000,0.700000,1.420372
-1.600000,0.800000,5.303686
-1.600000,0.900000,9.643719
-1.600000,1.000000,13.213378
-1.600000,1.100000,15.618374
-1.600000,1.200000,17.039278
-1.600000,1.300000,17.870917
-1.600000,1.400000,18.483693
-1.600000,1.500000,19.137064
-1.600000,1.600000,19.988078
-1.600000,1.700000,21.133052
-1.600000,1.800000,22.646552
-1.600000,1.900000,24.607291
-1.600000,2.000000,27.113970
-1.600000,2.100000,30.297041
-1.600000,2.200000,34.331050
-1.600000,2.300000,39.450637
-1.600000,2.400000,45.972813
-1.600000,2.500000,54.328568
-1.600000,2.600000,65.108180
-1.600000,2.700000,79.126687
-1.600000,2.800000,97.519290
-1.600000,2.900000,121.881615
-1.500000,-1.000000,535.419294
-1.500000,-0.900000,395.460099
-1.500000,-0.800000,296.203861
-1.500000,-0.700000,224.985644
-1.500000,-0.600000,173.292920
-1.500000,-0.500000,135.338351
-1.500000,-0.400000,107.137141
-1.500000,-0.300000,85.899591
-1.500000,-0.200000,69.607027
-1.500000,-0.100000,56.672373
-1.500000,-0.000000,45.654262
-1.500000,0.100000,35.135230
-1.500000,0.200000,23.975593
-1.500000,0.300000,11.950727
-1.500000,0.400000,0.257803
-1.500000,0.500000,-8.847794
-1.500000,0.600000,-13.345260
-1.500000,0.700000,-12.709509
-1.500000,0.800000,-8.128158
-1.500000,0.900000,-1.683818
-1.500000,1.000000,4.688748
-1.500000,1.100000,9.816336
-1.500000,1.200000,13.366954
-1.500000,1.300000,15.596631
-1.500000,1.400000,17.003617
-1.500000,1.500000,18.064978
-1.500000,1.600000,19.122905
-1.500000,1.700000,20.388673
-1.500000,1.800000,21.994918
-1.500000,1.900000,24.046852
-1.500000,2.000000,26.656752
-1.500000,2.100000,29.965571
-1.500000,2.200000,34.159819
-1.500000,2.300000,39.490107
-1.500000,2.400000,46.295752
-1.500000,2.500000,55.039450
-1.500000,2.600000,66.357063
-1.500000,2.700000,81.129789
-1.500000,2.800000,100.589734
-1.500000,2.900000,126.475701
-1.400000,-1.000000,445.880124
-1.400000,-0.900000,331.308386
-1.400000,-0.800000,249.646514
-1.400000,-0.700000,190.761751
-1.400000,-0.600000,147.810481
-1.400000,-0.500000,116.115330
-1.400000,-0.400000,92.438001
-1.400000,-0.300000,74.503328
-1.400000,-0.200000,60.664827
-1.400000,-0.100000,49.610473
-1.400000,-0.000000,40.063586
-1.400000,0.100000,30.602522
-1.400000,0.200000,19.881180
-1.400000,0.300000,7.347235
-1.400000,0.400000,-6.041123
-1.400000,0.500000,-17.935368
-1.400000,0.600000,-25.748479
-1.400000,0.700000,-27.986969
-1.400000,0.800000,-24.806441
-1.400000,0.900000,-17.700539
-1.400000,1.000000,-8.808243
-1.400000,1.100000,-0.184023
-1.400000,1.200000,6.797671
-1.400000,1.300000,11.696301
-1.400000,1.400000,14.827810
-1.400000,1.500000,16.846878
-1.400000,1.600000,18.385082
-1.400000,1.700000,19.892800
-1.400000,1.800000,21.647513
-1.400000,1.900000,23.826579
-1.400000,2.000000,26.575881
-1.400000,2.100000,30.055413
-1.400000,2.200000,34.468614
-1.400000,2.300000,40.086919
-1.400000,2.400000,47.278242
-1.400000,2.500000,56.545759
-1.400000,2.600000,68.583378
-1.400000,2.700000,84.356360
-1.400000,2.800000,105.219664
-1.400000,2.900000,133.093275
-1.300000,-1.000000,376.549713
-1.300000,-0.900000,281.476542
-1.300000,-0.800000,213.373113
-1.300000,-0.700000,164.022608
-1.300000,-0.600000,127.846859
-1.300000,-0.500000,101.009737
-1.300000,-0.400000,80.836393
-1.300000,-0.300000,65.439214
-1.300000,-0.200000,53.457355
-1.300000,-0.100000,43.802754
-1.300000,-0.000000,35.353975
-1.300000,0.100000,26.736002
-1.300000,0.200000,16.517178
-1.300000,0.300000,3.947109
-1.300000,0.400000,-10.295610
-1.300000,0.500000,-24.176236
-1.300000,0.600000,-35.263822
-1.300000,0.700000,-41.684303
-1.300000,0.800000,-42.449275
-1.300000,0.900000,-37.534998
-1.300000,1.000000,-28.094318
-1.300000,1.100000,-16.387121
-1.300000,1.200000,-5.003060
-1.300000,1.300000,4.197973
-1.300000,1.400000,10.627534
-1.300000,1.500000,14.738571
-1.300000,1.600000,17.418358
-1.300000,1.700000,19.494964
-1.300000,1.800000,21.545485
-1.300000,1.900000,23.924202
-1.300000,2.000000,26.864654
-1.300000,2.100000,30.569648
-1.300000,2.200000,35.270384
-1.300000,2.300000,41.266429
-1.300000,2.400000,48.962275
-1.300000,2.500000,58.912317
-1.300000,2.600000,71.883748
-1.300000,2.700000,88.947846
-1.300000,2.800000,111.614414
-1.300000,2.900000,142.031690
-1.200000,-1.000000,322.482857
-1.200000,-0.900000,242.511279
-1.200000,-0.800000,184.940839
-1.200000,-0.700000,143.017607
-1.200000,-0.600000,112.130516
-1.200000,-0.500000,89.084029
-1.200000,-0.400000,71.628171
-1.200000,-0.300000,58.165863
-1.200000,-0.200000,47.555477
-1.200000,-0.100000,38.888798
-1.200000,-0.000000,31.173439
-1.200000,0.100000,23.091796
-1.200000,0.200000,13.231007
-1.200000,0.300000,0.879038
-1.200000,0.400000,-13.310344
-1.200000,0.500000,-27.664890
-1.200000,0.600000,-40.559838
-1.200000,0.700000,-50.839114
-1.200000,0.800000,-57.188972
-1.200000,0.900000,-57.834259
-1.200000,1.000000,-51.610749
-1.200000,1.100000,-39.396452
-1.200000,1.200000,-24.168835
-1.200000,1.300000,-9.491107
-1.200000,1.400000,2.201932
-1.200000,1.500000,10.270570
-1.200000,1.600000,15.416062
-1.200000,1.700000,18.823588
-1.200000,1.800000,21.545278
-1.200000,1.900000,24.297130
-1.200000,2.000000,27.521838
-1.200000,2.100000,31.526815
-1.200000,2.200000,36.598744
-1.200000,2.300000,43.079395
-1.200000,2.400000,51.421147
-1.200000,2.500000,62.243252
-1.200000,2.600000,76.405157
-1.200000,2.700000,95.111530
-1.200000,2.800000,120.067034
-1.200000,2.900000,153.707309
-1.100000,-1.000000,280.072867
-1.100000,-0.900000,211.885645
-1.100000,-0.800000,162.556453
-1.100000,-0.700000,126.457581
-1.100000,-0.600000,99.721629
-1.100000,-0.500000,79.641091
-1.100000,-0.400000,64.283288
-1.100000,-0.300000,52.266449
-1.100000,-0.200000,42.620355
-1.100000,-0.100000,34.587407
-1.100000,-0.000000,27.275398
-1.100000,0.100000,19.393192
-1.100000,0.200000,9.573594
-1.100000,0.300000,-2.657939
-1.100000,0.400000,-16.268278
-1.100000,0.500000,-29.575007
-1.100000,0.600000,-41.904895
-1.100000,0.700000,-53.816171
-1.100000,0.800000,-65.178126
-1.100000,0.900000,-73.466101
-1.100000,1.000000,-74.768994
-1.100000,1.100000,-66.803684
-1.100000,1.200000,-50.948585
-1.100000,1.300000,-31.515252
-1.100000,1.400000,-13.203817
-1.100000,1.500000,1.085351
-1.100000,1.600000,10.815990
-1.100000,1.700000,17.037512
-1.100000,1.800000,21.274955
-1.100000,1.900000,24.817371
-1.100000,2.000000,28.528110
-1.100000,2.100000,32.954840
-1.100000,2.200000,38.508417
-1.100000,2.300000,45.605196
-1.100000,2.400000,54.764717
-1.100000,2.500000,66.689645
-1.100000,2.600000,82.355904
-1.100000,2.700000,103.136174
-1.100000,2.800000,130.980728
-1.100000,2.900000,168.687890
-1.000000,-1.000000,246.669535
-1.000000,-0.900000,187.737419
-1.000000,-0.800000,144.894832
-1.000000,-0.700000,113.387310
-1.000000,-0.600000,89.921354
-1.000000,-0.500000,72.158756
-1.000000,-0.400000,58.397625
-1.000000,-0.300000,47.411361
-1.000000,-0.200000,38.369643
-1.000000,-0.100000,30.656680
-1.000000,-0.000000,23.466396
-1.000000,0.100000,15.485951
-1.000000,0.200000,5.342246
-1.000000,0.300000,-7.130173
-1.000000,0.400000,-20.178737
-1.000000,0.500000,-31.534697
-1.000000,0.600000,-41.039177
-1.000000,0.700000,-51.266618
-1.000000,0.800000,-64.628804
-1.000000,0.900000,-79.749601
-1.000000,1.000000,-91.130117
-1.000000,1.100000,-92.682803
-1.000000,1.200000,-81.953552
-1.000000,1.300000,-61.626072
-1.000000,1.400000,-37.602707
-1.000000,1.500000,-15.607962
-1.000000,1.600000,1.200790
-1.000000,1.700000,12.545795
-1.000000,1.800000,19.896119
-1.000000,1.900000,25.133542
-1.000000,2.000000,29.784903
-1.000000,2.100000,34.870644
-1.000000,2.200000,41.072254
-1.000000,2.300000,48.955865
-1.000000,2.400000,59.147213
-1.000000,2.500000,72.460919
-1.000000,2.600000,90.021620
-1.000000,2.700000,113.414604
-1.000000,2.800000,144.900920
-1.000000,2.900000,187.738531
-0.900000,-1.000000,220.312961
-0.900000,-0.900000,168.686247
-0.900000,-0.800000,130.971737
-0.900000,-0.700000,103.095861
-0.900000,-0.600000,82.207829
-0.900000,-0.500000,66.243547
-0.900000,-0.400000,53.659085
-0.900000,-0.300000,43.332772
-0.900000,-0.200000,34.556407
-0.900000,-0.100000,26.869818
-0.900000,-0.000000,19.565396
-0.900000,0.100000,11.269989
-0.900000,0.200000,0.510688
-0.900000,0.300000,-12.624829
-0.900000,0.400000,-25.515157
-0.900000,0.500000,-34.825589
-0.900000,0.600000,-40.199395
-0.900000,0.700000,-45.742956
-0.900000,0.800000,-56.844637
-0.900000,0.900000,-74.972056
-0.900000,1.000000,-95.329463
-0.900000,1.100000,-109.357864
-0.900000,1.200000,-109.920414
-0.900000,1.300000,-95.392054
-0.900000,1.400000,-70.134056
-0.900000,1.500000,-41.547097
-0.900000,1.600000,-16.116370
-0.900000,1.700000,2.981981
-0.900000,1.800000,15.862771
-0.900000,1.900000,24.453974
-0.900000,2.000000,30.988439
-0.900000,2.100000,37.226312
-0.900000,2.200000,44.366201
-0.900000,2.300000,53.278311
-0.900000,2.400000,64.777531
-0.900000,2.500000,79.840932
-0.900000,2.600000,99.788044
-0.900000,2.700000,126.475674
-0.900000,2.800000,162.560490
-0.900000,2.900000,211.886382
-0.800000,-1.000000,199.546725
-0.800000,-0.900000,153.704931
-0.800000,-0.800000,120.054017
-0.800000,-0.700000,95.053173
-0.800000,-0.600000,76.190844
-0.800000,-0.500000,61.597909
-0.800000,-0.400000,49.823763
-0.800000,-0.300000,39.807419
-0.800000,-0.200000,30.956771
-0.800000,-0.100000,23.004237
-0.800000,-0.000000,15.384303
-0.800000,0.100000,6.649979
-0.800000,0.200000,-4.871472
-0.800000,0.300000,-18.971432
-0.800000,0.400000,-32.195959
-0.800000,0.500000,-39.926756
-0.800000,0.600000,-41.022850
-0.800000,0.700000,-40.269451
-0.800000,0.800000,-45.443529
-0.800000,0.900000,-61.374757
-0.800000,1.000000,-86.008241
-0.800000,1.100000,-111.029946
-0.800000,1.200000,-126.139287
-0.800000,1.300000,-124.344086
-0.800000,1.400000,-105.358839
-0.800000,1.500000,-75.197990
-0.800000,1.600000,-42.474552
-0.800000,1.700000,-14.100369
-0.800000,1.800000,6.971834
-0.800000,1.900000,21.354695
-0.800000,2.000000,31.443024
-0.800000,2.100000,39.801043
-0.800000,2.200000,48.426623
-0.800000,2.300000,58.747952
-0.800000,2.400000,71.930550
-0.800000,2.500000,89.209839
-0.800000,2.600000,112.172920
-0.800000,2.700000,143.029244
-0.800000,2.800000,184.943446
-0.800000,2.900000,242.511757
-0.700000,-1.000000,183.285940
-0.700000,-0.900000,142.028316
-0.700000,-0.800000,111.595943
-0.700000,-0.700000,88.865042
-0.700000,-0.600000,71.579697
-0.700000,-0.500000,57.997142
-0.700000,-0.400000,46.699555
-0.700000,-0.300000,36.645549
-0.700000,-0.200000,27.363610
-0.700000,-0.100000,18.839276
-0.700000,-0.000000,10.725501
-0.700000,0.100000,1.517399
-0.700000,0.200000,-10.746137
-0.700000,0.300000,-25.895900
-0.700000,0.400000,-39.793096
-0.700000,0.500000,-46.560891
-0.700000,0.600000,-44.016733
-0.700000,0.700000,-36.919713
-0.700000,0.800000,-34.377739
-0.700000,0.900000,-43.837792
-0.700000,1.000000,-66.594195
-0.700000,1.100000,-96.992123
-0.700000,1.200000,-124.712677
-0.700000,1.300000,-139.073310
-0.700000,1.400000,-133.871078
-0.700000,1.500000,-110.258716
-0.700000,1.600000,-75.675429
-0.700000,1.700000,-39.556821
-0.700000,1.800000,-8.865805
-0.700000,1.900000,13.900054
-0.700000,2.000000,29.923378
-0.700000,2.100000,42.051450
-0.700000,2.200000,53.165806
-0.700000,2.300000,65.542212
-0.700000,2.400000,80.955144
-0.700000,2.500000,101.072106
-0.700000,2.600000,127.870138
-0.700000,2.700000,164.029336
-0.700000,2.800000,213.374664
-0.700000,2.900000,281.476831
-0.600000,-1.000000,170.723637
-0.600000,-0.900000,133.088582
-0.600000,-0.800000,105.193971
-0.600000,-0.700000,84.241189
-0.600000,-0.600000,68.160539
-0.600000,-0.500000,55.273479
-0.600000,-0.400000,44.135554
-0.600000,-0.300000,33.685048
-0.600000,-0.200000,23.585328
-0.600000,-0.100000,14.159625
-0.600000,-0.000000,5.388914
-0.600000,0.100000,-4.245165
-0.600000,0.200000,-17.067841
-0.600000,0.300000,-33.117576
-0.600000,0.400000,-47.763837
-0.600000,0.500000,-54.029929
-0.600000,0.600000,-48.718730
-0.600000,0.700000,-36.248639
-0.600000,0.800000,-26.181968
-0.600000,0.900000,-27.285300
-0.600000,1.000000,-43.319119
-0.600000,1.100000,-72.026950
-0.600000,1.200000,-105.862373
-0.600000,1.300000,-133.968406
-0.600000,1.400000,-145.998035
-0.600000,1.500000,-136.770075
-0.600000,1.600000,-108.797665
-0.600000,1.700000,-70.605444
-0.600000,1.800000,-31.984316
-0.600000,1.900000,0.447019
-0.600000,2.000000,24.852636
-0.600000,2.100000,43.029315
-0.600000,2.200000,58.264571
-0.600000,2.300000,73.786102
-0.600000,2.400000,92.271886
-0.600000,2.500000,116.089762
-0.600000,2.600000,147.809874
-0.600000,2.700000,190.762842
-0.600000,2.800000,249.646923
-0.600000,2.900000,331.308478
-0.500000,-1.000000,161.264241
-0.500000,-0.900000,126.469302
-0.500000,-0.800000,100.554705
-0.500000,-0.700000,80.972772
-0.500000,-0.600000,65.780650
-0.500000,-0.500000,53.305575
-0.500000,-0.400000,42.016165
-0.500000,-0.300000,30.790280
-0.500000,-0.200000,19.449639
-0.500000,-0.100000,8.763788
-0.500000,-0.000000,-0.815749
-0.500000,0.100000,-10.750087
-0.500000,0.200000,-23.796631
-0.500000,0.300000,-40.379125
-0.500000,0.400000,-55.587341
-0.500000,0.500000,-61.544961
-0.500000,0.600000,-54.197272
-0.500000,0.700000,-37.622142
-0.500000,0.800000,-21.427057
-0.500000,0.900000,-14.643410
-0.500000,1.000000,-22.000035
-0.500000,1.100000,-43.673168
-0.500000,1.200000,-75.775548
-0.500000,1.300000,-110.385338
-0.500000,1.400000,-136.790547
-0.500000,1.500000,-145.272717
-0.500000,1.600000,-131.778126
-0.500000,1.700000,-100.014794
-0.500000,1.800000,-59.154088
-0.500000,1.900000,-18.820830
-0.500000,2.000000,15.097159
-0.500000,2.100000,41.601523
-0.500000,2.200000,63.144774
-0.500000,2.300000,83.493290
-0.500000,2.400000,106.359154
-0.500000,2.500000,135.119618
-0.500000,2.600000,173.239235
-0.500000,2.700000,224.974068
-0.500000,2.800000,296.201649
-0.500000,2.900000,395.459722
-0.400000,-1.000000,154.476491
-0.400000,-0.900000,121.873063
-0.400000,-0.800000,97.472477
-0.400000,-0.700000,78.916857
-0.400000,-0.600000,64.337951
-0.400000,-0.500000,52.012227
-0.400000,-0.400000,40.259182
-0.400000,-0.300000,27.855297
-0.400000,-0.200000,14.812450
-0.400000,-0.100000,2.477876
-0.400000,-0.000000,-8.052520
-0.400000,0.100000,-18.087907
-0.400000,0.200000,-30.882755
-0.400000,0.300000,-47.440791
-0.400000,0.400000,-62.804803
-0.400000,0.500000,-68.403888
-0.400000,0.600000,-59.489753
-0.400000,0.700000,-39.912228
-0.400000,0.800000,-19.276196
-0.400000,0.900000,-6.396882
-0.400000,1.000000,-5.795106
-0.400000,1.100000,-18.444653
-0.400000,1.200000,-43.108831
-0.400000,1.300000,-75.816679
-0.400000,1.400000,-108.823143
-0.400000,1.500000,-131.781562
-0.400000,1.600000,-135.817750
-0.400000,1.700000,-118.065640
-0.400000,1.800000,-83.157479
-0.400000,1.900000,-40.384059
-0.400000,2.000000,1.334668
-0.400000,2.100000,37.200400
-0.400000,2.200000,67.218609
-0.400000,2.300000,94.595497
-0.400000,2.400000,123.754599
-0.400000,2.500000,159.260725
-0.400000,2.600000,205.830742
-0.400000,2.700000,269.039814
-0.400000,2.800000,356.387469
-0.400000,2.900000,478.686383
-0.300000,-1.000000,150.060574
-0.300000,-0.900000,119.099127
-0.300000,-0.800000,95.814152
-0.300000,-0.700000,77.986204
-0.300000,-0.600000,63.774592
-0.300000,-0.500000,51.349517
-0.300000,-0.400000,38.817240
-0.300000,-0.300000,24.810981
-0.300000,-0.200000,9.571583
-0.300000,-0.100000,-4.825215
-0.300000,-0.000000,-16.438213
-0.300000,0.100000,-26.309000
-0.300000,0.200000,-38.252623
-0.300000,0.300000,-54.068387
-0.300000,0.400000,-69.013627
-0.300000,0.500000,-74.033697
-0.300000,0.600000,-63.811458
-0.300000,0.700000,-42.042473
-0.300000,0.800000,-18.395386
-0.300000,0.900000,-1.425625
-0.300000,1.000000,5.042136
-0.300000,1.100000,0.484600
-0.300000,1.200000,-14.780926
-0.300000,1.300000,-39.708644
-0.300000,1.400000,-70.633147
-0.300000,1.500000,-100.018900
-0.300000,1.600000,-118.066101
-0.300000,1.700000,-116.962986
-0.300000,1.800000,-94.991981
-0.300000,1.900000,-57.315036
-0.300000,2.000000,-12.756897
-0.300000,2.100000,30.994722
-0.300000,2.200000,70.575625
-0.300000,2.300000,107.219132
-0.300000,2.400000,145.154583
-0.300000,2.500000,189.944178
-0.300000,2.600000,247.836470
-0.300000,2.700000,326.217884
-0.300000,2.800000,434.832528
-0.300000,2.900000,587.593847
-0.200000,-1.000000,147.825962
-0.200000,-0.900000,118.028762
-0.200000,-0.800000,95.509540
-0.200000,-0.700000,78.143285
-0.200000,-0.600000,64.073851
-0.200000,-0.500000,51.310811
-0.200000,-0.400000,37.682101
-0.200000,-0.300000,21.635480
-0.200000,-0.200000,3.684551
-0.200000,-0.100000,-13.202005
-0.200000,-0.000000,-26.017201
-0.200000,0.100000,-35.403158
-0.200000,0.200000,-45.796914
-0.200000,0.300000,-60.026724
-0.200000,0.400000,-73.856249
-0.200000,0.500000,-77.973668
-0.200000,0.600000,-66.583060
-0.200000,0.700000,-43.211017
-0.200000,0.800000,-17.596239
-0.200000,0.900000,1.862569
-0.200000,1.000000,12.007329
-0.200000,1.100000,13.237275
-0.200000,1.200000,6.256350
-0.200000,1.300000,-9.025445
-0.200000,1.400000,-32.013477
-0.200000,1.500000,-59.158446
-0.200000,1.600000,-83.158010
-0.200000,1.700000,-94.992030
-0.200000,1.800000,-88.046344
-0.200000,1.900000,-61.555809
-0.200000,2.000000,-20.700383
-0.200000,2.100000,26.780500
-0.200000,2.200000,74.959780
-0.200000,2.300000,122.315635
-0.200000,2.400000,171.738432
-0.200000,2.500000,229.142231
-0.200000,2.600000,302.331631
-0.200000,2.700000,401.009080
-0.200000,2.800000,537.985951
-0.200000,2.900000,731.437428
-0.100000,-1.000000,147.677651
-0.100000,-0.900000,118.616736
-0.100000,-0.800000,96.546455
-0.100000,-0.700000,79.397876
-0.100000,-0.600000,65.259926
-0.100000,-0.500000,51.929196
-0.100000,-0.400000,36.891229
-0.100000,-0.300000,18.367027
-0.100000,-0.200000,-2.811016
-0.100000,-0.100000,-22.611698
-0.100000,-0.000000,-36.733309
-0.100000,0.100000,-45.277069
-0.100000,0.200000,-53.358880
-0.100000,0.300000,-65.077641
-0.100000,0.400000,-77.017121
-0.100000,0.500000,-79.853636
-0.100000,0.600000,-67.386407
-0.100000,0.700000,-42.884933
-0.100000,0.800000,-16.054386
-0.100000,0.900000,4.810507
-0.100000,1.000000,17.004011
-0.100000,1.100000,21.748458
-0.100000,1.200000,20.617413
-0.100000,1.300000,13.735549
-0.100000,1.400000,0.416967
-0.100000,1.500000,-18.825325
-0.100000,1.600000,-40.384609
-0.100000,1.700000,-57.315091
-0.100000,1.800000,-61.555813
-0.100000,1.900000,-47.648982
-0.100000,2.000000,-15.400815
-0.100000,2.100000,30.616719
-0.100000,2.200000,84.426849
-0.100000,2.300000,142.489623
-0.100000,2.400000,205.788757
-0.100000,2.500000,279.804982
-0.100000,2.600000,373.632051
-0.100000,2.700000,499.705648
-0.100000,2.800000,674.917243
-0.100000,2.900000,923.305242
0.000000,-1.000000,149.609396
0.000000,-0.900000,120.888118
0.000000,-0.800000,98.969892
0.000000,-0.700000,81.807964
0.000000,-0.600000,67.400413
0.000000,-0.500000,53.282134
0.000000,-0.400000,36.536113
0.000000,-0.300000,15.118001
0.000000,-0.200000,-9.776190
0.000000,-0.100000,-32.889061
0.000000,-0.000000,-48.401274
0.000000,0.100000,-55.730898
0.000000,0.200000,-60.721368
0.000000,0.300000,-68.978034
0.000000,0.400000,-78.224488
0.000000,0.500000,-79.382724
0.000000,0.600000,-65.918228
0.000000,0.700000,-40.715239
0.000000,0.800000,-13.257379
0.000000,0.900000,8.316125
0.000000,1.000000,21.573063
0.000000,1.100000,28.255658
0.000000,1.200000,30.698324
0.000000,1.300000,29.757219
0.000000,1.400000,24.822282
0.000000,1.500000,15.092619
0.000000,1.600000,1.334112
0.000000,1.700000,-12.756953
0.000000,1.800000,-20.700388
0.000000,1.900000,-15.400815
0.000000,2.000000,7.725629
0.000000,2.100000,48.899654
0.000000,2.200000,104.951015
0.000000,2.300000,172.533589
0.000000,2.400000,251.473562
0.000000,2.500000,346.587539
0.000000,2.600000,468.000846
0.000000,2.700000,631.248416
0.000000,2.800000,858.518548
0.000000,2.900000,1181.886134
0.100000,-1.000000,153.703269
0.100000,-0.900000,124.940056
0.100000,-0.800000,102.885254
0.100000,-0.700000,85.483985
0.100000,-0.600000,70.611552
0.100000,-0.500000,55.498245
0.100000,-0.400000,36.771829
0.100000,-0.300000,12.088985
0.100000,-0.200000,-16.951058
0.100000,-0.100000,-43.719922
0.100000,-0.000000,-60.680909
0.100000,0.100000,-66.436109
0.100000,0.200000,-67.592428
0.100000,0.300000,-71.474165
0.100000,0.400000,-77.249431
0.100000,0.500000,-76.342647
0.100000,0.600000,-61.959036
0.100000,0.700000,-36.457911
0.100000,0.800000,-8.873439
0.100000,0.900000,12.939072
0.100000,1.000000,26.739781
0.100000,1.100000,34.520633
0.100000,1.200000,39.063745
0.100000,1.300000,41.886944
0.100000,1.400000,42.999263
0.100000,1.500000,41.597028
0.100000,1.600000,37.199850
0.100000,1.700000,30.994667
0.100000,1.800000,26.780496
0.100000,1.900000,30.616718
0.100000,2.000000,48.899654
0.100000,2.100000,85.940006
0.100000,2.200000,142.902482
0.100000,2.300000,219.171256
0.100000,2.400000,315.436826
0.100000,2.500000,436.789584
0.100000,2.600000,594.741239
0.100000,2.700000,808.566752
0.100000,2.800000,1107.340215
0.100000,2.900000,1534.144110
0.200000,-1.000000,160.135495
0.200000,-0.900000,130.948717
0.200000,-0.800000,108.465915
0.200000,-0.700000,90.596794
0.200000,-0.600000,75.066592
0.200000,-0.500000,58.766393
0.200000,-0.400000,37.827574
0.200000,-0.300000,9.581715
0.200000,-0.200000,-23.938662
0.200000,-0.100000,-54.622371
0.200000,-0.000000,-73.057264
0.200000,0.100000,-76.917032
0.200000,0.200000,-73.590224
0.200000,0.300000,-72.290286
0.200000,0.400000,-73.896475
0.200000,0.500000,-70.575685
0.200000,0.600000,-55.348728
0.200000,0.700000,-29.918564
0.200000,0.800000,-2.639265
0.200000,0.900000,19.078402
0.200000,1.000000,33.180826
0.200000,1.100000,41.740380
0.200000,1.200000,47.711104
0.200000,1.300000,53.006160
0.200000,1.400000,58.235407
0.200000,1.500000,63.140412
0.200000,1.600000,67.218075
0.200000,1.700000,70.575571
0.200000,1.800000,74.959775
0.200000,1.900000,84.426849
0.200000,2.000000,104.951015
0.200000,2.100000,142.902482
0.200000,2.200000,203.411211
0.200000,2.300000,290.105056
0.200000,2.400000,406.919174
0.200000,2.500000,561.316825
0.200000,2.600000,767.708542
0.200000,2.700000,1050.613392
0.200000,2.800000,1448.407583
0.200000,2.900000,2019.407968
0.300000,-1.000000,169.189151
0.300000,-0.900000,139.182083
0.300000,-0.800000,115.965898
0.300000,-0.700000,97.390127
0.300000,-0.600000,81.008005
0.300000,-0.500000,63.347632
0.300000,-0.400000,40.018283
0.300000,-0.300000,8.010306
0.300000,-0.200000,-30.194141
0.300000,-0.100000,-64.936011
0.300000,-0.000000,-84.829402
0.300000,0.100000,-86.538286
0.300000,0.200000,-78.228171
0.300000,0.300000,-71.110857
0.300000,0.400000,-67.982703
0.300000,0.500000,-61.960499
0.300000,0.600000,-45.956841
0.300000,0.700000,-20.908605
0.300000,0.800000,5.718144
0.300000,0.900000,27.116053
0.300000,1.000000,41.448299
0.300000,1.100000,50.780429
0.300000,1.200000,58.067317
0.300000,1.300000,65.390352
0.300000,1.400000,73.758360
0.300000,1.500000,83.489140
0.300000,1.600000,94.594989
0.300000,1.700000,107.219081
0.300000,1.800000,122.315631
0.300000,1.900000,142.489623
0.300000,2.000000,172.533589
0.300000,2.100000,219.171256
0.300000,2.200000,290.105056
0.300000,2.300000,393.295226
0.300000,2.400000,537.648285
0.300000,2.500000,735.614635
0.300000,2.600000,1007.274344
0.300000,2.700000,1385.354742
0.300000,2.800000,1921.528331
0.300000,2.900000,2695.674406
0.400000,-1.000000,181.275007
0.400000,-0.900000,150.019894
0.400000,-0.800000,125.738959
0.400000,-0.700000,106.198842
0.400000,-0.600000,88.764780
0.400000,-0.500000,69.591079
0.400000,-0.400000,43.758117
0.400000,-0.300000,7.911058
0.400000,-0.200000,-35.019402
0.400000,-0.100000,-73.820164
0.400000,-0.000000,-95.108905
0.400000,0.100000,-94.498936
0.400000,0.200000,-80.900624
0.400000,0.300000,-67.555960
0.400000,0.400000,-59.304030
0.400000,0.500000,-50.372379
0.400000,0.600000,-33.639540
0.400000,0.700000,-9.197693
0.400000,0.800000,16.543720
0.400000,0.900000,37.517876
0.400000,1.000000,52.146056
0.400000,1.100000,62.448381
0.400000,1.200000,71.295917
0.400000,1.300000,80.813549
0.400000,1.400000,92.246020
0.400000,1.500000,106.355285
0.400000,1.600000,123.754125
0.400000,1.700000,145.154536
0.400000,1.800000,171.738429
0.400000,1.900000,205.788757
0.400000,2.000000,251.473562
0.400000,2.100000,315.436826
0.400000,2.200000,406.919174
0.400000,2.300000,537.648285
0.400000,2.400000,722.363893
0.400000,2.500000,980.989239
0.400000,2.600000,1343.004403
0.400000,2.700000,1854.140956
0.400000,2.800000,2585.862409
0.400000,2.900000,3649.379508
0.500000,-1.000000,196.962686
0.500000,-0.900000,163.982862
0.500000,-0.800000,138.266107
0.500000,-0.700000,117.474915
0.500000,-0.600000,98.776710
0.500000,-0.500000,77.955604
0.500000,-0.400000,49.577626
0.500000,-0.300000,9.952512
0.500000,-0.200000,-37.561781
0.500000,-0.100000,-80.259617
0.500000,-0.000000,-102.826792
0.500000,0.100000,-99.832139
0.500000,0.200000,-80.868016
0.500000,0.300000,-61.149008
0.500000,0.400000,-47.587674
0.500000,0.500000,-35.626201
0.500000,0.600000,-18.178997
0.500000,0.700000,5.547859
0.500000,0.800000,30.320770
0.500000,0.900000,50.918649
0.500000,1.000000,66.061061
0.500000,1.100000,77.712093
0.500000,1.200000,88.629811
0.500000,1.300000,100.942697
0.500000,1.400000,116.066122
0.500000,1.500000,135.116082
0.500000,1.600000,159.260292
0.500000,1.700000,189.944134
0.500000,1.800000,229.142227
0.500000,1.900000,279.804982
0.500000,2.000000,346.587539
0.500000,2.100000,436.789584
0.500000,2.200000,561.316825
0.500000,2.300000,735.614635
0.500000,2.400000,980.989239
0.500000,2.500000,1327.249971
0.500000,2.600000,1817.808510
0.500000,2.700000,2518.300127
0.500000,2.800000,3530.022333
0.500000,2.900000,5010.651562
0.600000,-1.000000,217.025433
0.600000,-0.900000,181.774271
0.600000,-0.800000,154.194589
0.600000,-0.700000,131.824125
0.600000,-0.600000,111.628576
0.600000,-0.500000,89.040278
0.600000,-0.400000,58.147727
0.600000,-0.300000,14.949275
0.600000,-0.200000,-36.812699
0.600000,-0.100000,-83.073490
0.600000,-0.000000,-106.744298
0.600000,0.100000,-101.406111
0.600000,0.200000,-77.238081
0.600000,0.300000,-51.274353
0.600000,0.400000,-32.429157
0.600000,0.500000,-17.400214
0.600000,0.600000,0.798265
0.600000,0.700000,23.847993
0.600000,0.800000,47.756577
0.600000,0.900000,68.218330
0.600000,1.000000,84.287007
0.600000,1.100000,97.880785
0.600000,1.200000,111.653294
0.600000,1.300000,127.754207
0.600000,1.400000,147.788697
0.600000,1.500000,173.236068
0.600000,1.600000,205.830354
0.600000,1.700000,247.836431
0.600000,1.800000,302.331628
0.600000,1.900000,373.632051
0.600000,2.000000,468.000846
0.600000,2.100000,594.741239
0.600000,2.200000,767.708542
0.600000,2.300000,1007.274344
0.600000,2.400000,1343.004403
0.600000,2.500000,1817.808510
0.600000,2.600000,2494.913869
0.600000,2.700000,3469.546112
0.600000,2.800000,4887.888060
0.600000,2.900000,6977.364619
0.700000,-1.000000,242.503461
0.700000,-0.900000,204.338660
0.700000,-0.800000,174.392791
0.700000,-0.700000,150.057738
0.700000,-0.600000,128.098534
0.700000,-0.500000,103.628050
0.700000,-0.400000,70.315450
0.700000,-0.300000,23.885443
0.700000,-0.200000,-31.599323
0.700000,-0.100000,-80.919176
0.700000,-0.000000,-105.459072
0.700000,0.100000,-97.918499
0.700000,0.200000,-68.936610
0.700000,0.300000,-37.119850
0.700000,0.400000,-13.209946
0.700000,0.500000,4.863141
0.700000,0.600000,23.929231
0.700000,0.700000,46.521138
0.700000,0.800000,69.900289
0.700000,0.900000,90.711978
0.700000,1.000000,108.377562
0.700000,1.100000,124.800735
0.700000,1.200000,142.572945
0.700000,1.300000,163.927536
0.700000,1.400000,190.744246
0.700000,1.500000,224.971287
0.700000,1.600000,269.039474
0.700000,1.700000,326.217850
0.700000,1.800000,401.009077
0.700000,1.900000,499.705647
0.700000,2.000000,631.248415
0.700000,2.100000,808.566752
0.700000,2.200000,1050.613392
0.700000,2.300000,1385.354742
0.700000,2.400000,1854.140956
0.700000,2.500000,2518.300127
0.700000,2.600000,3469.546112
0.700000,2.700000,4846.844947
0.700000,2.800000,6863.864462
0.700000,2.900000,9853.561435
0.800000,-1.000000,274.793101
0.800000,-0.900000,232.944410
0.800000,-0.800000,200.027584
0.800000,-0.700000,173.265554
0.800000,-0.600000,149.227008
0.800000,-0.500000,122.749241
0.800000,-0.400000,87.158795
0.800000,-0.300000,37.956305
0.800000,-0.200000,-20.558792
0.800000,-0.100000,-72.279316
0.800000,-0.000000,-97.394020
0.800000,0.100000,-87.871944
0.800000,0.200000,-54.657116
0.800000,0.300000,-17.595562
0.800000,0.400000,11.011890
0.800000,0.500000,32.087211
0.800000,0.600000,52.257803
0.800000,0.700000,74.838026
0.800000,0.800000,98.309642
0.800000,0.900000,120.276550
0.800000,1.000000,140.563916
0.800000,1.100000,161.118663
0.800000,1.200000,184.550686
0.800000,1.300000,213.287042
0.800000,1.400000,249.630917
0.800000,1.500000,296.199256
0.800000,1.600000,356.387176
0.800000,1.700000,434.832498
0.800000,1.800000,537.985949
0.800000,1.900000,674.917243
0.800000,2.000000,858.518548
0.800000,2.100000,1107.340215
0.800000,2.200000,1448.407583
0.800000,2.300000,1921.528331
0.800000,2.400000,2585.862409
0.800000,2.500000,3530.022333
0.800000,2.600000,4887.888060
0.800000,2.700000,6863.864462
0.800000,2.800000,9773.776127
0.800000,2.900000,14111.620571
0.900000,-1.000000,315.772410
0.900000,-0.900000,269.300280
0.900000,-0.800000,232.673730
0.900000,-0.700000,202.919620
0.900000,-0.600000,176.415386
0.900000,-0.500000,147.774474
0.900000,-0.400000,110.071223
0.900000,-0.300000,58.640513
0.900000,-0.200000,-2.080589
0.900000,-0.100000,-55.415283
0.900000,-0.000000,-80.751133
0.900000,0.100000,-69.513517
0.900000,0.200000,-32.773483
0.900000,0.300000,8.785757
0.900000,0.400000,41.651669
0.900000,0.500000,65.736246
0.900000,0.600000,87.430484
0.900000,0.700000,110.737464
0.900000,0.800000,135.291725
0.900000,0.900000,159.646256
0.900000,1.000000,184.077924
0.900000,1.100000,210.669764
0.900000,1.200000,242.180379
0.900000,1.300000,281.402906
0.900000,1.400000,331.294974
0.900000,1.500000,395.457702
0.900000,1.600000,478.686136
0.900000,1.700000,587.593822
0.900000,1.800000,731.437426
0.900000,1.900000,923.305242
0.900000,2.000000,1181.886134
0.900000,2.100000,1534.144110
0.900000,2.200000,2019.407968
0.900000,2.300000,2695.674406
0.900000,2.400000,3649.379508
0.900000,2.500000,5010.651562
0.900000,2.600000,6977.364619
0.900000,2.700000,9853.561435
0.900000,2.800000,14111.620571
0.900000,2.900000,20493.962925
1.000000,-1.000000,367.978873
1.000000,-0.900000,315.720692
1.000000,-0.800000,274.469512
1.000000,-0.700000,241.022422
1.000000,-0.600000,211.568221
1.000000,-0.500000,180.551087
1.000000,-0.400000,140.890872
1.000000,-0.300000,87.819656
1.000000,-0.200000,25.802330
1.000000,-0.100000,-28.265358
1.000000,-0.000000,-53.407002
1.000000,0.100000,-40.714483
1.000000,0.200000,-1.192758
1.000000,0.300000,44.088621
1.000000,0.400000,80.811358
1.000000,0.500000,108.060254
1.000000,0.600000,131.972486
1.000000,0.700000,157.137432
1.000000,0.800000,184.257907
1.000000,0.900000,212.825141
1.000000,1.000000,243.640883
1.000000,1.100000,279.066681
1.000000,1.200000,322.208873
1.000000,1.300000,376.488623
1.000000,1.400000,445.868972
1.000000,1.500000,535.417566
1.000000,1.600000,652.003103
1.000000,1.700000,805.165794
1.000000,1.800000,1008.323468
1.000000,1.900000,1280.537062
1.000000,2.000000,1649.150558
1.000000,2.100000,2153.786549
1.000000,2.200000,2852.457840
1.000000,2.300000,3831.009572
1.000000,2.400000,5217.842625
1.000000,2.500000,7207.078737
1.000000,2.600000,10095.355015
1.000000,2.700000,14340.884172
1.000000,2.800000,20659.318980
1.000000,2.900000,30181.096232
1.100000,-1.000000,434.862343
1.100000,-0.900000,375.361699
1.100000,-0.800000,328.339677
1.100000,-0.700000,290.320106
1.100000,-0.600000,257.299317
1.100000,-0.500000,223.603747
1.100000,-0.400000,182.096207
1.100000,-0.300000,127.968786
1.100000,-0.200000,65.599730
1.100000,-0.100000,11.741115
1.100000,-0.000000,-12.719188
1.100000,0.100000,1.241624
1.100000,0.200000,42.884684
1.100000,0.300000,91.229121
1.100000,0.400000,131.592307
1.100000,0.500000,162.449802
1.100000,0.600000,189.690406
1.100000,0.700000,218.395489
1.100000,0.800000,250.257051
1.100000,0.900000,285.714018
1.100000,1.000000,326.211941
1.100000,1.100000,374.605916
1.100000,1.200000,434.649168
1.100000,1.300000,510.787262
1.100000,1.400000,608.523373
1.100000,1.500000,735.130729
1.100000,1.600000,900.589867
1.100000,1.700000,1118.842504
1.100000,1.800000,1409.583313
1.100000,1.900000,1800.911026
1.100000,2.000000,2333.313299
1.100000,2.100000,3065.720759
1.100000,2.200000,4084.796943
1.100000,2.300000,5519.337089
1.100000,2.400000,7562.809223
1.100000,2.500000,10508.993414
1.100000,2.600000,14808.895032
1.100000,2.700000,21162.566647
1.100000,2.800000,30668.826823
1.100000,2.900000,45072.033877
1.200000,-1.000000,521.147683
1.200000,-0.900000,452.560441
1.200000,-0.800000,398.317308
1.200000,-0.700000,354.611601
1.200000,-0.600000,317.232328
1.200000,-0.500000,280.430176
1.200000,-0.400000,237.100033
1.200000,-0.300000,182.451624
1.200000,-0.200000,120.663855
1.200000,-0.100000,67.992737
1.200000,-0.000000,44.798520
1.200000,0.100000,60.007312
1.200000,0.200000,103.345266
1.200000,0.300000,154.395137
1.200000,0.400000,198.564494
1.200000,0.500000,233.965189
1.200000,0.600000,266.275558
1.200000,0.700000,301.005121
1.200000,0.800000,340.789706
1.200000,0.900000,387.075230
1.200000,1.000000,442.146649
1.200000,1.100000,509.677794
1.200000,1.200000,594.519374
1.200000,1.300000,702.745054
1.200000,1.400000,842.220336
1.200000,1.500000,1023.567291
1.200000,1.600000,1261.491577
1.200000,1.700000,1576.638248
1.200000,1.800000,1998.296028
1.200000,1.900000,2568.429529
1.200000,2.000000,3347.768898
1.200000,2.100000,4425.100562
1.200000,2.200000,5931.581868
1.200000,2.300000,8063.016502
1.200000,2.400000,11114.868643
1.200000,2.500000,15537.862908
1.200000,2.600000,22027.182585
1.200000,2.700000,31667.060812
1.200000,2.800000,46167.646459
1.200000,2.900000,68257.207799
1.300000,-1.000000,633.358808
1.300000,-0.900000,553.327436
1.300000,-0.800000,490.012348
1.300000,-0.700000,439.200424
1.300000,-0.600000,396.442333
1.300000,-0.500000,355.938818
1.300000,-0.400000,310.689732
1.300000,-0.300000,255.970145
1.300000,-0.200000,195.655100
1.300000,-0.100000,145.184024
1.300000,-0.000000,123.992002
1.300000,0.100000,140.720981
1.300000,0.200000,185.754117
1.300000,0.300000,239.691984
1.300000,0.400000,288.481985
1.300000,0.500000,330.142527
1.300000,0.600000,370.226629
1.300000,0.700000,414.667096
1.300000,0.800000,467.068616
1.300000,0.900000,530.034594
1.300000,1.000000,607.009500
1.300000,1.100000,702.982373
1.300000,1.200000,824.587662
1.300000,1.300000,980.457131
1.300000,1.400000,1182.097241
1.300000,1.500000,1445.267380
1.300000,1.600000,1791.932891
1.300000,1.700000,2253.072669
1.300000,1.800000,2872.822261
1.300000,1.900000,3714.688741
1.300000,2.000000,4870.978419
1.300000,2.100000,6477.241087
1.300000,2.200000,8734.618964
1.300000,2.300000,11944.772333
1.300000,2.400000,16565.013396
1.300000,2.500000,23296.236179
1.300000,2.600000,33224.610655
1.300000,2.700000,48052.318673
1.300000,2.800000,70477.288912
1.300000,2.900000,104824.886602
1.400000,-1.000000,780.582385
1.400000,-0.900000,686.066664
1.400000,-0.800000,611.299531
1.400000,-0.700000,551.560693
1.400000,-0.600000,502.109601
1.400000,-0.500000,457.100207
1.400000,-0.400000,409.686947
1.400000,-0.300000,355.244101
1.400000,-0.200000,297.252554
1.400000,-0.100000,250.066016
1.400000,-0.000000,231.864052
1.400000,0.100000,250.857285
1.400000,0.200000,298.269124
1.400000,0.300000,356.138149
1.400000,0.400000,411.386856
1.400000,0.500000,462.240572
1.400000,0.600000,514.282319
1.400000,0.700000,573.960395
1.400000,0.800000,645.993624
1.400000,0.900000,734.445186
1.400000,1.000000,844.439211
1.400000,1.100000,983.047853
1.400000,1.200000,1159.749926
1.400000,1.300000,1387.187124
1.400000,1.400000,1682.519514
1.400000,1.500000,2069.474299
1.400000,1.600000,2581.304501
1.400000,1.700000,3265.114789
1.400000,1.800000,4188.299990
1.400000,1.900000,5448.252522
1.400000,2.000000,7187.151455
1.400000,2.100000,9614.716481
1.400000,2.200000,13043.564151
1.400000,2.300000,17944.698949
1.400000,2.400000,25035.494255
1.400000,2.500000,35420.628170
1.400000,2.600000,50820.210675
1.400000,2.700000,73942.955688
1.400000,2.800000,109103.159082
1.400000,2.900000,163251.820362
